{
	"partitions" : [
		{
			"name" : "Top",
			"pins" : [
				{
					"name" : "DM_writeData[0]",
					"strict" : false
				},
				{
					"name" : "DM_writeData[1]",
					"strict" : false
				},
				{
					"name" : "DM_writeData[2]",
					"strict" : false
				},
				{
					"name" : "DM_writeData[3]",
					"strict" : false
				},
				{
					"name" : "DM_writeData[4]",
					"strict" : false
				},
				{
					"name" : "DM_addr[0]",
					"strict" : false
				},
				{
					"name" : "DM_addr[1]",
					"strict" : false
				},
				{
					"name" : "DM_addr[2]",
					"strict" : false
				},
				{
					"name" : "DM_addr[3]",
					"strict" : false
				},
				{
					"name" : "DM_addr[4]",
					"strict" : false
				},
				{
					"name" : "DM_addr[5]",
					"strict" : false
				},
				{
					"name" : "CLOCK_50",
					"strict" : false
				},
				{
					"name" : "reset",
					"strict" : false
				}
			]
		}
	]
}